ANI,34,9544,36,1
ndtv,47,3539,18,1
drharshvardhan,4,3065,739,1
htTweets,51,2996,14,1
DainikBhaskar,14,2819,174,1
IndianExpress,12,2490,209,1
MoHFW_INDIA,7,2380,388,1
DDNational,6,2320,458,1
DavidLat,11,2258,229,1
DDNewslive,6,2241,449,1
ABSCBNNews,97,1261,2,1
DolarToday,6,1090,435,1
WesternRly,4,1070,720,1
dinamalarweb,5,1069,518,1
TV9Telugu,36,1038,32,1
polimernews,24,933,72,1
news7tamil,20,887,103,1
Thairath_News,17,882,134,1
indiatvnews,69,870,4,1
aaj_urdu,6,835,494,1
EconomicTimes,20,820,102,1
XHNews,14,777,167,1
Excelsior,25,721,66,1
ThanthiTV,27,716,60,1
ANCALERTS,168,708,1,1
501Awani,6,708,468,1
globaltimesnews,47,659,19,1
sriramulubjp,7,590,401,1
PemaKhanduBJP,4,576,749,1
Milenio,25,573,63,1
UniNoticias,4,533,647,1
ETNOWlive,12,497,205,1
eldiarioes,9,475,312,1
CRI_Turkish,9,466,291,1
ZDFheute,4,462,724,1
News18Guj,7,460,398,1
sunnewstamil,31,457,46,1
JPenerangan,16,453,147,1
dailystarnews,18,422,131,1
voz_populi,14,407,176,1
RachakondaCop,10,397,263,1
CNBCTV18Live,11,392,238,1
ndtvvideos,9,391,305,1
aajtak,59,366,12,1
gulf_news,17,356,133,1
RTLFrance,14,342,172,1
LaVanguardia,7,341,425,1
vikatan,13,332,182,1
ThaiPBS,63,327,7,1
bsindia,63,316,8,1
DrEricDing,18,305,119,1
bernamadotcom,21,303,86,1
suvarnanewstv,28,297,53,1
CGTNOfficial,31,290,44,1
QuickTake,20,289,94,1
EJanNews,18,283,128,1
teleSURtv,14,275,165,1
BangaloreMirror,7,273,395,1
thestandardth,22,271,81,1
TheQuint,56,268,13,1
BloombergQuint,25,268,69,1
UN_News_Centre,4,266,636,1
mataonline,11,265,245,1
Live_Hindustan,7,265,392,1
publictvnews,15,253,155,1
AkashvaniAIR,4,250,754,1
Expresoec,7,243,361,1
News5AKSYON,30,241,48,1
GhettoRadio895,4,236,735,1
khaleejtimes,13,233,179,1
ChinaDaily,31,225,43,1
Europe1,11,216,241,1
TNAMCOT,18,212,121,1
tcsnoticias,14,212,166,1
tv9kannada,14,206,168,1
alain_4u,4,178,786,1
pinkvilla,13,167,188,1
PressTV,9,167,300,1
Echinanews,19,155,105,1
prabhatkhabar,10,145,270,1
UNGeneva,4,144,692,1
NewIndianXpress,25,140,67,1
SCMPNews,8,135,320,1
antaranews,29,130,49,1
IPRD_Bihar,21,116,88,1
js100radio,6,115,472,1
elespanolcom,14,114,162,1
kapookdotcom,20,110,101,1
RTenfrancais,12,109,218,1
TW_nextmedia,15,107,150,1
Ch3ThailandNews,10,106,268,1
CBNNews,3,103,879,1
FinancialXpress,20,102,95,1
TF1LeJT,7,102,413,1
aletihadae,15,101,159,1
NationTV22,25,98,70,1
SKMM_MCMC,4,98,691,1
laprovence,15,97,154,1
ahmedabadmirror,3,95,992,1
AthiGeleba,4,92,792,1
tvp_info,7,89,389,1
idntimes,72,86,3,1
AlArabiya_Eng,27,86,57,1
mid_day,15,83,156,1
iambhutia,14,79,163,1
manoramanews,14,77,169,1
MVSNoticias,12,77,200,1
newsktv,5,77,549,1
gulftoday,10,76,269,1
Reporte_Indigo,23,75,75,1
ThaiPBSNews,50,67,15,1
PBNS_India,18,67,127,1
sharjah24,7,67,408,1
9NewsSyd,15,65,151,1
ktnewsonline,22,64,80,1
JagbaniOnline,19,64,113,1
News18Kannada,5,64,561,1
OneindiaKannada,12,62,208,1
Sanook,27,59,58,1
Spotboye,13,59,187,1
QuintFit,8,59,346,1
DeccanChronicle,5,56,592,1
BiIndia,21,55,91,1
SBS8news,15,52,153,1
ChinaPlusNews,4,51,763,1
navjivanindia,12,50,204,1
rzeczpospolita,40,49,25,1
THChennai,4,48,740,1
NigeriaInfoPH,4,48,776,1
NEWS9TWEETS,26,47,61,1
punjabkesari,40,45,26,1
orfonline,10,45,264,1
asianet_tamil,19,42,111,1
Ruptly,7,41,374,1
MirrorNow,15,39,158,1
mathrubhuminews,22,38,82,1
ddsportschannel,8,38,341,1
sri50,5,37,580,1
arabnewspk,5,35,564,1
ghaith_alain,4,33,710,1
abc7newsbayarea,6,32,436,1
PeninsulaQatar,6,31,490,1
news18dotcom,4,31,716,1
jayapluschannel,23,30,78,1
ucankuscom,4,30,750,1
LaCroix,7,27,421,1
Radio1Rai,4,27,772,1
ElPitazoTV,60,26,10,1
circleofcricket,5,26,597,1
e_consulta,3,26,854,1
firstpost,37,25,30,1
Oneindia,32,25,41,1
allafrica,12,25,199,1
AFNCThailand,3,25,984,1
AydinlikGazete,18,24,129,1
fernandoeidok,3,23,892,1
rs_sputnik,18,22,132,1
airnews_ghy,13,22,190,1
Farodevigo,7,22,411,1
TheKoreaHerald,18,21,118,1
Mulhak,4,21,705,1
CHCHNews,5,20,568,1
NewsweekEspanol,11,19,230,1
cronicaglobal,11,19,243,1
kyodo_english,6,18,454,1
LexisNexis,3,18,885,1
nationnews,13,17,191,1
TheStatesmanLtd,12,17,223,1
DeccanHerald,21,15,89,1
vanguardiamx,14,15,160,1
PIBChandigarh,4,15,743,1
Colcheck,3,15,909,1
GCC_1111,12,14,212,1
LIGAnet,6,14,485,1
stpiindia,4,14,714,1
elprogreso_Lugo,5,13,536,1
TUDNMEX,19,12,106,1
lecho,8,12,347,1
alittihadSport,7,12,417,1
JulioCesar_Cano,4,12,689,1
9NewsQueensland,4,12,704,1
Onmanorama,3,12,986,1
thatsMalayalam,20,11,104,1
torreon,12,11,196,1
F3PaysdelaLoire,6,11,506,1
RichLightShed,3,11,833,1
BaaghiTV,28,10,55,1
KVUE,10,10,248,1
Openthemag,4,10,727,1
kjzzphoenix,3,10,937,1
NewsMobileIndia,46,9,21,1
pibchennai,9,9,307,1
canalcatorcemx,5,9,543,1
otempo,4,9,644,1
gchahal,3,9,904,1
MrElDiablo8,7,8,387,1
rtvandorra,6,8,488,1
YorukIsik,3,8,870,1
EstiloDF,3,8,954,1
10NewsFirstAdl,8,7,348,1
Mono29News,7,7,362,1
BI_Italia,6,7,503,1
momblogger,4,7,737,1
rodalies,4,7,768,1
alykhansatchu,23,6,77,1
redbey,16,6,149,1
ajplus,6,6,440,1
AHMalcolm,5,6,604,1
macleans,4,6,640,1
N1info,4,6,788,1
michaelcburgess,3,6,901,1
SiteTaiwanInfo,3,6,996,1
amna_news,28,5,54,1
Jerusalem_Post,19,5,110,1
EastMojo,12,5,219,1
editorji,11,5,240,1
ABCDigital,5,5,526,1
e4mtweets,5,5,586,1
vikalpavoices,3,5,968,1
tvnnoticias,46,4,20,1
azucenau,39,4,28,1
elcomerciocom,11,4,233,1
Metropoles,5,4,515,1
LideresMexicano,4,4,693,1
dw_hindi,3,4,970,1
SamayamTamil,22,3,84,1
TOLOnews,9,3,306,1
businessline,8,3,343,1
LINETODAYTH,6,3,463,1
down2earthindia,6,3,478,1
BoBoiBoy,6,3,482,1
cyclismactu,5,3,620,1
ACSouthAsia,4,3,701,1
ETEnergyWorld,4,3,755,1
theTiser,3,3,818,1
880Edmonton,3,3,924,1
IndiaSpend,21,2,85,1
shanghaidaily,16,2,143,1
HablaDeportes,8,2,323,1
sushbhattarai,8,2,335,1
Ch7HDNews,8,2,340,1
AnimalMX,7,2,356,1
ANN_Newsable,7,2,400,1
ETPanache,6,2,477,1
TomatazosCom,5,2,537,1
9NewsAdel,5,2,584,1
Antena3Deportes,5,2,628,1
Jaime_BonillaV,4,2,661,1
NewsroomPostCom,4,2,734,1
berlinerzeitung,4,2,742,1
unwomenasia,4,2,780,1
czaplinskiii,4,2,798,1
LuciaCNavarro,3,2,837,1
christisch1,3,2,894,1
pedroferriz3,3,2,908,1
MitradeOfficial,3,2,997,1
veronicalderon,17,1,135,1
889Noticias,16,1,140,1
ExpPolitica,15,1,152,1
NewsNationTV,14,1,173,1
ImagenTVMex,11,1,235,1
RT_com,10,1,260,1
MacJordaN,10,1,272,1
10NewsFirstSyd,10,1,274,1
fox5sandiego,9,1,275,1
OpinionLSR,9,1,293,1
ExaFM,9,1,299,1
jnascim,9,1,301,1
AsiavilleNews,8,1,336,1
LaRazon_Bolivia,7,1,357,1
ThePerezHilton,7,1,370,1
7NewsMackay,7,1,375,1
PublimetroMX,7,1,382,1
AutosyMas,7,1,383,1
mincombolivia,6,1,427,1
Chinacultureorg,6,1,428,1
kienyke,6,1,433,1
KFOX14,5,1,512,1
KirkDBorne,5,1,532,1
AmanthaP,5,1,547,1
KBRIWashDC,5,1,567,1
ArabNewsjp,5,1,570,1
TheKenWeb,5,1,575,1
Midilibre,5,1,600,1
Boldsky,5,1,609,1
YahooActuFR,5,1,610,1
mallorcadiario,5,1,618,1
catherinebarr,4,1,633,1
RawStory,4,1,642,1
eltelevisero,4,1,655,1
CulturaColectiv,4,1,678,1
AargauerZeitung,4,1,709,1
la1ere,4,1,723,1
GNOpinion,4,1,751,1
HTAutotweets,4,1,766,1
CatchNews,4,1,774,1
radio4_rne,4,1,789,1
Daily_Record,4,1,790,1
rupashreenanda,4,1,794,1
telebusiness,4,1,797,1
GOAT_aus,3,1,824,1
imfcapdev,3,1,842,1
RebelNewsOnline,3,1,859,1
ESPN_CR,3,1,884,1
Univision23,3,1,889,1
99acresIndia,3,1,964,1
sayidatynet,3,1,995,1
HayekMG,3,1,999,1
naciodigital,43,0,22,1
timesofindia,41,0,23,1
Bugabootv,20,0,96,1
JagranEnglish,19,0,107,1
yicaichina,19,0,108,1
BrasilEFE,13,0,177,1
The_NewArab,13,0,178,1
OnceNoticiasTV,13,0,181,1
Ch7HD,13,0,192,1
alejacrcu,13,0,193,1
TVNotasmx,12,0,202,1
fpjindia,12,0,213,1
dt_next,12,0,214,1
imgujarat,12,0,217,1
calgarysun,11,0,226,1
Aaron_Derfel,11,0,237,1
ndtvfeed,11,0,239,1
10NewsFirst,11,0,246,1
ACSP_Canada,10,0,250,1
TheAgenda,10,0,259,1
QuintHindi,10,0,266,1
7NewsGoldCoast,9,0,276,1
WestJournalism,9,0,280,1
StandWithUs,9,0,282,1
revistaPlanV,9,0,292,1
JdeQuebec,9,0,295,1
abpanandatv,9,0,302,1
francebleuDA,9,0,304,1
utkarsh_aanand,9,0,310,1
OmanObserver,9,0,311,1
portaluai,8,0,314,1
AmbLiuXiaoMing,8,0,315,1
healthing_ca,8,0,318,1
CarlosdelRio7,8,0,319,1
SpeakerTimJones,8,0,325,1
primeraedicionw,8,0,326,1
carmenriosss,8,0,334,1
THMumbai,8,0,338,1
OMC_Espana,8,0,349,1
BBCBreakfast,8,0,350,1
Catinformacio,8,0,351,1
7NewsWideBay,7,0,352,1
7NewsSC,7,0,358,1
chriskrokshow,7,0,365,1
rwang0,7,0,366,1
ABCNews4,7,0,367,1
mayorcantrell,7,0,368,1
Janosikgarciaz,7,0,372,1
TheNewDailyAu,7,0,380,1
InfoAtac,7,0,394,1
FirstpostSports,7,0,402,1
BOLNETWORK,7,0,404,1
OlafGersemann,7,0,409,1
PunjabiHT,7,0,412,1
elboletinmadrid,7,0,415,1
ideal_granada,7,0,416,1
heraldoes,7,0,420,1
TheCitizen_in,7,0,422,1
republic,7,0,423,1
elEconomistaes,7,0,424,1
VilledeNice,7,0,426,1
7NewsCQ,6,0,429,1
verainstitute,6,0,431,1
sabio28,6,0,439,1
hiconcep,6,0,445,1
7NewsToowoomba,6,0,448,1
fox7austin,6,0,453,1
RuidoEnLaRed,6,0,455,1
gobdecordoba,6,0,456,1
KJRH2HD,6,0,459,1
ipmsdl_,6,0,470,1
timesofoman,6,0,475,1
20fourMedia,6,0,484,1
SamayamTelugu,6,0,486,1
lindependant,6,0,487,1
CPIM_WESTBENGAL,6,0,489,1
GoldbergRadio,6,0,491,1
HydTimes,6,0,493,1
XpressOdisha,6,0,495,1
LesEchos,6,0,497,1
HindiAsiaville,6,0,498,1
NoticiasNavarra,6,0,501,1
opiniondezamora,6,0,504,1
DziennikPL,6,0,505,1
juanmartinmx,6,0,508,1
votenickmoutos,6,0,509,1
halona,6,0,510,1
CFJC_Today,5,0,511,1
CityOfNOLA,5,0,520,1
WilliamYang120,5,0,523,1
DrAttai,5,0,524,1
ConversationEDU,5,0,527,1
7NewsTownsville,5,0,531,1
tododeportes_pl,5,0,535,1
TheNatlInterest,5,0,539,1
enriqueburgosv,5,0,540,1
AnitaLomeli,5,0,542,1
8NewsNow,5,0,546,1
SalvadorZA,5,0,551,1
MetroFocus,5,0,553,1
CincoDiascom,5,0,558,1
rionegrocomar,5,0,566,1
Dana_Corres,5,0,569,1
CSISIndonesia,5,0,571,1
sergomezv,5,0,572,1
RajapaksaNamal,5,0,573,1
ramkadam,5,0,574,1
kprabhanews,5,0,576,1
9NewsGoldCoast,5,0,577,1
TgrRai,5,0,578,1
arirangtvnews,5,0,579,1
FAOPhilippines,5,0,590,1
URDUVOA,5,0,591,1
guwahatiplus,5,0,598,1
IOL,5,0,599,1
GulfTimes_QATAR,5,0,602,1
Sabadell_Help,5,0,603,1
thefield_in,5,0,605,1
AztecaNoticias,5,0,606,1
RespSocialeRai,5,0,614,1
AndamanPolice,5,0,615,1
DiarioSUR,5,0,617,1
RiazToori,5,0,619,1
heliaebrahimi,5,0,622,1
izvestia_ru,5,0,624,1
NatGeoIndia,5,0,625,1
tech2eets,5,0,626,1
tg2rai,5,0,629,1
WenzelMichalski,5,0,630,1
CGTNFrancais,5,0,632,1
InjuveCDMX,4,0,635,1
CPHO_Canada,4,0,637,1
ENH_Deportes,4,0,638,1
DiariodeMorelos,4,0,646,1
raju,4,0,648,1
Rodrigo_Cornejo,4,0,649,1
noticias14,4,0,650,1
fortunemexico,4,0,652,1
AnniaGomezNL,4,0,657,1
larepublica_pe,4,0,663,1
anonopshispano,4,0,666,1
LupitaJuarezH,4,0,667,1
HerbJWesson,4,0,668,1
WBUR,4,0,669,1
NEWSTALK1010,4,0,672,1
TheSpec,4,0,673,1
monicagarzag,4,0,675,1
OaxacaPolitico,4,0,676,1
PrimerImpacto,4,0,679,1
freyanoble,4,0,680,1
UnicableOficial,4,0,681,1
INALIMEXICO,4,0,682,1
hohocho,4,0,686,1
PueblaFMmx,4,0,697,1
JMRivaPalacio,4,0,698,1
mathieusimard,4,0,699,1
AnnastaciaMP,4,0,703,1
Omkar_Raii,4,0,707,1
rinachandran,4,0,708,1
LAist,4,0,712,1
beaudonnet,4,0,719,1
SheThePeople,4,0,721,1
CBS47,4,0,722,1
lipiindonesia,4,0,725,1
virakesari_lk,4,0,726,1
ErikaGuevaraR,4,0,733,1
News18Sports,4,0,746,1
AIADMKITWINGOFL,4,0,747,1
MetroRadioNews,4,0,748,1
ThaiPBSWorld,4,0,753,1
Koimoi,4,0,756,1
bleuarmorique,4,0,758,1
ET_RISE,4,0,759,1
tass_agency,4,0,760,1
ArgaamPlus,4,0,761,1
NACOINDIA,4,0,762,1
Consalud_es,4,0,764,1
N1infoSA,4,0,770,1
FocusWTV,4,0,775,1
jucilnacional,4,0,778,1
KFSHRC_HE,4,0,779,1
anadoluagency,4,0,782,1
irish_news,4,0,783,1
GDS_it,4,0,785,1
TUCIOfficial,4,0,793,1
RebeccaKeating,4,0,795,1
FinEmbThai,4,0,796,1
LtAndyNorris,4,0,799,1
yenisafakEN,4,0,800,1
PontAcadLife,4,0,801,1
TheLallantop,4,0,802,1
YasinKesen,3,0,805,1
TheHinduSports,3,0,809,1
69News,3,0,811,1
jahootsen,3,0,812,1
AlcaldiaDeCali,3,0,817,1
GT_Law,3,0,819,1
CaseyJBortnick,3,0,820,1
CBS6Albany,3,0,821,1
BettyMcCollum04,3,0,823,1
JohnNosta,3,0,827,1
malbertnews,3,0,829,1
PMcanadien,3,0,830,1
briciosegovia,3,0,831,1
RadioEducacion,3,0,836,1
fernandorocha26,3,0,838,1
HIElectricLight,3,0,843,1
diputadospan,3,0,845,1
gobdgo,3,0,846,1
KTVBJoe,3,0,847,1
ctvregina,3,0,848,1
Carlabacigalupo,3,0,851,1
NDIS,3,0,853,1
DominicHarris8,3,0,855,1
theBAtimes,3,0,857,1
AnaPOrdorica,3,0,858,1
shongables,3,0,860,1
drkomanduri,3,0,861,1
Max_Laguna,3,0,863,1
GlobalSaskatoon,3,0,864,1
firstdraftnews,3,0,865,1
PedroTLMD20,3,0,868,1
HwnElectric,3,0,872,1
NickRossTech,3,0,873,1
gmbutts,3,0,875,1
LaMejor,3,0,876,1
AreliPaz,3,0,881,1
MauiElectric,3,0,882,1
ANUCrawford,3,0,890,1
emiliomoreno,3,0,891,1
bbcnewstelugu,3,0,895,1
MSPUruguay,3,0,898,1
indigenous_gov,3,0,899,1
PueblaTVmx,3,0,905,1
mtra_lupita,3,0,906,1
nadine_morton,3,0,907,1
NBC6News,3,0,910,1
pajhwok,3,0,911,1
htdelhi,3,0,912,1
Forbes_Mexico,3,0,914,1
canalgnt,3,0,915,1
csgazette,3,0,916,1
JapanCons_NY,3,0,918,1
HTPunjab,3,0,919,1
ManuelCalvoCba,3,0,920,1
YuririaSierra,3,0,921,1
IrishCentral,3,0,922,1
1petermartin,3,0,923,1
mariandreamc,3,0,925,1
fema,3,0,927,1
_MelissaEgan,3,0,928,1
RosalbaVCruz,3,0,930,1
NatalieTysdal,3,0,931,1
SamAntar,3,0,932,1
AndryannaTV,3,0,934,1
mattvillano,3,0,940,1
Ch7HDSports,3,0,942,1
BrentToderian,3,0,945,1
LaNacionPy,3,0,946,1
osasuo,3,0,952,1
Silvano_A,3,0,953,1
beijingcalling,3,0,955,1
ahofschneider,3,0,956,1
CosmosMagazine,3,0,957,1
zeesalaamtweet,3,0,960,1
TenikkaANjax,3,0,963,1
KyleHarveyOnTV,3,0,965,1
gegar_my,3,0,966,1
Albawaba,3,0,969,1
LaraPaola1,3,0,972,1
WHOMongolia,3,0,973,1
claseur,3,0,974,1
Quien,3,0,975,1
JuliaFello,3,0,976,1
CamiloPrietoVal,3,0,977,1
kkellyjanus,3,0,980,1
CatholicNewsSvc,3,0,983,1
Defensoria_Peru,3,0,985,1
KhaosodOnline,3,0,993,1
cpinckard,3,0,994,1
IndonesiaBaikId,3,0,998,1
elcomerciodigit,19,-1,116,1
EPinternacional,18,-1,122,1
TUDNUSA,17,-1,136,1
5tv,13,-1,180,1
agerpres,12,-1,197,1
PueNoticias,12,-1,198,1
MGROnlineLive,12,-1,207,1
picardonhealth,11,-1,227,1
ajplusespanol,11,-1,228,1
diario24horas,11,-1,232,1
lavoixdunord,11,-1,244,1
sanjanah,10,-1,267,1
APO_source,10,-1,271,1
northwaleslive,9,-1,313,1
em_com,8,-1,316,1
mathrubhumi,8,-1,331,1
TennisActu,8,-1,342,1
DiarioLibre,7,-1,359,1
7NewsCanberra,7,-1,360,1
ABC_NewsRadio,7,-1,371,1
mickakers,7,-1,381,1
rweingarten,6,-1,438,1
CANAL44TV,6,-1,460,1
keithbaldrey,6,-1,471,1
aus_business,6,-1,474,1
eAsiaMediaHub,6,-1,480,1
Ticinonline,6,-1,483,1
cordoba,6,-1,499,1
heraldscotland,6,-1,507,1
radiopanama,5,-1,513,1
ETCanada,5,-1,517,1
7NewsCairns,5,-1,525,1
UQ_News,5,-1,528,1
11thHour,5,-1,548,1
MilenioLaguna,5,-1,550,1
animalesoficial,5,-1,581,1
coopesdetat,5,-1,588,1
france3Bretagne,5,-1,611,1
bbcgahuza,5,-1,613,1
abccordoba,5,-1,631,1
WTKR3,4,-1,651,1
CBSMiami,4,-1,653,1
QuePasaSalta,4,-1,658,1
republicagt,4,-1,660,1
cenaprece,4,-1,664,1
CainTess,4,-1,674,1
asianet_telugu,4,-1,706,1
7NewsAdelaide,4,-1,713,1
Meerasrini,4,-1,717,1
JayaTvOfficial,4,-1,728,1
humnewspakistan,4,-1,729,1
NRT_English,4,-1,738,1
lestrepublicain,4,-1,741,1
LuceverdeRoma,4,-1,744,1
bbcnewsgujarati,4,-1,757,1
richardxthripp,3,-1,806,1
newscomauHQ,3,-1,808,1
MountSinaiNYC,3,-1,828,1
nachoperaltacol,3,-1,834,1
jwgale,3,-1,840,1
gazetadopovo,3,-1,850,1
alarabonline,3,-1,852,1
FiscaliaCDMX,3,-1,869,1
OurRevolution,3,-1,896,1
ICFJ,3,-1,929,1
Mylife_KTV,3,-1,938,1
mixdotmy,3,-1,948,1
WB_AsiaPacific,3,-1,951,1
afigue2010,3,-1,958,1
SixthTone,3,-1,990,1
mario_delgado,3,-1,991,1
8worldnews,21,-2,87,1
v_shakthi,17,-2,137,1
sopitas,16,-2,141,1
oneindiaHindi,12,-2,215,1
heraldodemexico,11,-2,234,1
GazetaRu,10,-2,273,1
MediCasos,9,-2,283,1
aciprensa,9,-2,290,1
TheTyee,8,-2,330,1
filmibeat,8,-2,344,1
7NewsBrisbane,7,-2,376,1
HTTech,7,-2,390,1
livemint,7,-2,399,1
onlymyhealth,7,-2,406,1
JioNews,6,-2,457,1
boxofficeindia,6,-2,492,1
RED92cadadiamas,5,-2,516,1
BettyKPIX,5,-2,562,1
Geeta_Mohan,5,-2,582,1
mikelayestaran,5,-2,612,1
JFFiorina,5,-2,616,1
AmericaDigital,4,-2,639,1
PlenoNews,4,-2,641,1
saddamscribe,4,-2,654,1
muhammadiyah,4,-2,662,1
issafrica,4,-2,684,1
TbiHindi,4,-2,687,1
Gob_Puebla,4,-2,696,1
ProSyn,4,-2,702,1
IExpressSports,4,-2,767,1
DFinanciero,3,-2,822,1
TVVnoticias,3,-2,832,1
shen_shiwei,3,-2,874,1
UNAM_MX,3,-2,888,1
XHespanol,3,-2,903,1
Reaproy,3,-2,913,1
630CHED,3,-2,917,1
MarcaClaro,3,-2,981,1
NHSCFA,3,-2,987,1
openletterbot,1662,-3,0,1
dailystar,28,-3,51,1
SputnikInt,14,-3,164,1
adn40,12,-3,206,1
calgaryherald,10,-3,257,1
canaltn8,9,-3,279,1
abcadelaide,9,-3,286,1
gabrielbauducco,7,-3,379,1
VOANoticias,6,-3,443,1
ByClare,6,-3,465,1
DDHH_Ec,5,-3,521,1
SecPrensaSV,5,-3,529,1
BusinessTimes,5,-3,541,1
Avvenire_Nei,5,-3,589,1
Tele13_Radio,4,-3,634,1
SaksithCNA,4,-3,730,1
worldnewsdotcom,4,-3,769,1
Tuko_co_ke,4,-3,781,1
SSI_dk,4,-3,791,1
USEmbassyPH,3,-3,810,1
eshap,3,-3,867,1
Dolores_PL,3,-3,893,1
WHOKobe,3,-3,936,1
SpirosMargaris,3,-3,988,1
manoramaonline,34,-4,37,1
Imagen_Mx,23,-4,76,1
cgtnenespanol,11,-4,231,1
PaolaRojas,10,-4,261,1
DiarioLaPrensa,9,-4,289,1
confidencial_ni,9,-4,296,1
_ElFaro_,8,-4,321,1
AmerMedicalAssn,7,-4,369,1
English_AS,5,-4,522,1
NewsfromScience,5,-4,555,1
BaleBengong,5,-4,563,1
niccijsmith,5,-4,585,1
PIB_Patna,5,-4,595,1
sfchronicle,4,-4,670,1
televicentrohn,4,-4,671,1
Francebleubzh,4,-4,732,1
morningireland,4,-4,787,1
KTVU,3,-4,841,1
DanBurritt,3,-4,866,1
NACCHOAustralia,3,-4,886,1
Cairo67Unedited,3,-4,941,1
mayawiley,3,-4,947,1
JonahBlank,3,-4,962,1
7NewsSydney,10,-5,251,1
DrDenaGrayson,10,-5,258,1
Scientology,7,-5,363,1
BBCScotlandNews,7,-5,419,1
VPITV,6,-5,444,1
rthk_enews,5,-5,594,1
lessentiel,5,-5,601,1
WSarai,4,-5,700,1
htshowbiz,3,-5,943,1
WHOThailand,3,-5,950,1
IamJohnBurnett,3,-5,967,1
Thansettakij,59,-6,11,1
TN5Telenoticias,16,-6,144,1
bbcnewsmarathi,9,-6,298,1
Tagesspiegel,7,-6,397,1
Agenzia_Italia,7,-6,403,1
morandiniblog,7,-6,407,1
AndrewHolnessJM,6,-6,446,1
rpbreakingnews,6,-6,476,1
ElFinanciero_Mx,5,-6,557,1
CCNews__,5,-6,559,1
JansamparkMP,5,-6,607,1
DunyaNews,4,-6,736,1
zilevandamme,4,-6,771,1
pagina_siete,3,-6,825,1
CanadianPM,3,-6,835,1
Notimex,50,-7,16,1
gujratsamachar,40,-7,27,1
StarAdvertiser,16,-7,142,1
TV9Marathi,8,-7,337,1
nationweekend,7,-7,385,1
DDNewsGujarati,7,-7,396,1
NBCDFW,6,-7,447,1
ConversationUK,6,-7,450,1
airnews_hyd,6,-7,500,1
9NewsMelb,11,-8,225,1
LaTribune,11,-8,247,1
dna,10,-8,265,1
dinakaranonline,8,-8,328,1
lavozdegalicia,7,-8,405,1
ABC7,6,-8,430,1
chinaorgcn,6,-8,464,1
NDTVTamil,6,-8,496,1
ONUinfo,4,-8,718,1
SIN24Horas,18,-9,117,1
AustinKellerman,7,-9,355,1
andreasharsono,7,-9,378,1
RANDCorporation,6,-9,451,1
IntoleranciaID,5,-9,560,1
indiacom,5,-9,565,1
NH_India,6,-10,467,1
elpais_america,5,-10,552,1
ieexplained,5,-10,554,1
salimdotcomrade,5,-10,583,1
CBS4Local,4,-10,643,1
ONU_fr,3,-10,814,1
CCTV,3,-10,971,1
BT_India,20,-11,100,1
asianetnewstv,12,-11,220,1
PIBBhopal,6,-11,479,1
Reforma,23,-12,74,1
elsolde_mexico,20,-12,92,1
NewstalkFM,9,-12,288,1
dwnews,7,-12,393,1
NAR,6,-12,469,1
informacion_es,6,-12,473,1
PanamericanaTV,4,-12,690,1
zee24taasnews,17,-13,138,1
lebanondebate,9,-13,303,1
lajornadaonline,8,-13,322,1
News18Kerala,8,-13,333,1
ChilangoCom,6,-13,452,1
workpointnews,21,-14,90,1
soy_502,8,-14,332,1
PublimetroChile,7,-14,377,1
IeTamil,5,-14,587,1
CaracolTV,4,-14,656,1
BFMradio,4,-14,685,1
SCT_mx,3,-14,902,1
eleconomista,18,-15,120,1
Dawn_News,16,-15,148,1
TelefuturoInfo,3,-15,813,1
kanak_news,16,-16,146,1
CiroGomezL,13,-16,184,1
LCI,13,-16,194,1
AFP,9,-16,294,1
YourStoryCo,7,-16,410,1
MiLOKMAT,6,-16,462,1
Vijaykarnataka,6,-16,466,1
ZeeBusiness,6,-16,481,1
Shalupcrf,3,-16,959,1
MumbaiMirror,19,-17,109,1
Adnkronos,19,-17,115,1
martinezmau,3,-17,849,1
Newsweek_JAPAN,25,-18,65,1
thetribunechd,18,-18,124,1
TheDailyPioneer,9,-18,309,1
Tu_IMSS,3,-18,862,1
abc730,3,-18,982,1
AmarUjalaNews,34,-19,35,1
dawn_com,18,-19,130,1
DeniseMaerker,12,-19,210,1
AIRNewsHindi,10,-19,262,1
lentaruofficial,5,-19,530,1
meganoticiascl,4,-19,665,1
latestly,39,-20,29,1
hariankompas,33,-20,38,1
ANINewsUP,9,-20,278,1
thewirehindi,9,-20,281,1
ChannelNewsAsia,6,-20,442,1
TReporta,10,-21,254,1
ministeriosalud,3,-21,803,1
moneycontrolcom,35,-22,34,1
Daily_Express,20,-22,97,1
rakidi,14,-22,175,1
Saudi_Gazette,7,-22,373,1
rapplerdotcom,24,-23,71,1
abpmajhatv,22,-23,83,1
Vanessa_Murphy,3,-23,839,1
WHOWPRO,3,-23,961,1
CNBCArabia,6,-24,434,1
onenews31,5,-24,596,1
sole24ore,4,-24,745,1
DidierPittet,4,-24,765,1
MIB_India,4,-24,784,1
sportstarweb,3,-24,807,1
PTTVOnlineNews,41,-25,24,1
SpringNews_TV,31,-25,45,1
arabnews,20,-25,93,1
Outlookindia,15,-25,157,1
AlBayanNews,10,-25,252,1
AMXNoticias,7,-25,384,1
thatsTamil,32,-26,40,1
GetNewsd,6,-26,502,1
24Entertain,3,-26,804,1
senego,3,-26,815,1
le_Parisien,13,-29,195,1
AbbTakk,8,-29,327,1
noticias4vision,4,-29,683,1
ians_india,49,-30,17,1
Capital_21,13,-31,183,1
DenverChannel,3,-31,900,1
WAMNEWS_ENG,4,-32,777,1
nikkei,9,-33,287,1
TheSun,5,-34,514,1
ZoomTV,4,-34,715,1
SABCNewsOnline,11,-35,242,1
MediasetTgcom24,5,-36,519,1
TOIChennai,3,-36,897,1
nistula,3,-36,979,1
toisports,20,-37,99,1
thecableng,5,-37,621,1
tnnthailand,35,-38,33,1
CaraotaDigital,8,-38,317,1
UNESCO,3,-39,933,1
INNNEWS,8,-40,329,1
sputnik_fr,11,-41,236,1
LaCronicaDeHoy,9,-43,297,1
infobaeamerica,13,-45,189,1
TelemundoNews,25,-46,68,1
eluniversocom,7,-46,354,1
Agencia_Andina,6,-48,432,1
CMILANOTICIA,3,-48,877,1
ZeeNewsEnglish,18,-50,123,1
TOIDelhi,4,-50,677,1
informador,5,-51,534,1
DZMMTeleRadyo,62,-52,9,1
CNEWS,9,-53,308,1
janisfrayer,4,-54,659,1
AJEnglish,5,-56,627,1
Agenzia_Ansa,13,-59,186,1
NoticiasCaracol,7,-61,364,1
sanket,5,-62,623,1
karlaiberia,7,-64,353,1
tagesschau,6,-64,437,1
thepapercn,5,-66,545,1
rameshlaus,14,-68,170,1
ARYNEWSOFFICIAL,8,-68,345,1
PDChina,5,-70,533,1
telediario,36,-71,31,1
WRadioColombia,12,-71,201,1
Bollyhungama,7,-76,414,1
Nawaiwaqt_,26,-77,62,1
agenciabrasil,11,-77,224,1
WRADIOMexico,9,-77,284,1
tvOneNews,9,-81,277,1
lasillarota,5,-81,544,1
boomlive_in,4,-82,731,1
MyHEALTHKKM,6,-84,441,1
raehanbobby,3,-86,949,1
prajavani,66,-87,5,1
tv9gujarati,27,-88,59,1
JBCPERU,3,-89,844,1
business,3,-98,887,1
dallasnews,3,-98,978,1
EFEnoticias,10,-102,253,1
forbes_india,8,-107,339,1
AdityaRajKaul,4,-111,773,1
politicomx,25,-112,64,1
TamilTheHindu,23,-117,79,1
PostToday,28,-118,50,1
elestimulo,10,-119,249,1
Newtral,7,-121,386,1
Medscape,3,-122,871,1
SSalud_mx,14,-128,161,1
IndiaToday,66,-132,6,1
indiaforums,5,-135,608,1
steve_hanke,5,-138,538,1
IMFNews,4,-141,695,1
Waqtnewstv,7,-156,418,1
ZeeNews,18,-157,126,1
MatichonOnline,18,-163,125,1
Telemetro,3,-163,883,1
AlRojoVivo,4,-169,688,1
thaimoph,5,-171,556,1
TheOfficialSBI,3,-172,989,1
RadioCanadaInfo,9,-174,285,1
mileniotv,30,-176,47,1
siasatpk,4,-184,645,1
DailynewsTwit,5,-188,593,1
RedMasNoticias,8,-189,324,1
HLGatell,3,-190,826,1
saudepoa,3,-194,880,1
investindia,7,-222,391,1
ChinaScience,3,-233,926,1
proceso,12,-237,211,1
ColunadoFla,3,-257,816,1
LoksattaLive,33,-262,39,1
TOIAhmedabad,3,-268,935,1
TheNationalUAE,4,-282,694,1
SkyNews,28,-299,56,1
CNBCTV18News,12,-318,216,1
RadioPakistan,24,-370,73,1
maalaimalar,17,-382,139,1
UN,3,-470,939,1
franceinter,12,-511,221,1
hoypy,3,-552,856,1
MorningNewsTV3,12,-557,222,1
VoiceTVOfficial,3,-587,944,1
WIONews,14,-591,171,1
otvnews,13,-627,185,1
liputan6dotcom,19,-650,114,1
MoIB_Official,4,-673,752,1
DelhiTimesTweet,4,-751,711,1
UltimaHoracom,12,-804,203,1
wef,10,-821,256,1
zeerajasthan_,19,-947,112,1
JagranNews,20,-1162,98,1
dw_espanol,10,-1261,255,1
airnewsalerts,16,-1317,145,1
TelanganaCMO,3,-1604,1000,1
92newschannel,6,-1767,461,1
UNICEF,3,-2092,878,1
the_hindu,31,-2427,42,1
ABPNews,28,-6640,52,1
